{
  "urls": [
    "src/assets/audio/sprite.ogg",
    "src/assets/audio/sprite.m4a",
    "src/assets/audio/sprite.mp3",
    "src/assets/audio/sprite.ac3"
  ],
  "sprite": {
    "next": [
      0,
      1212.6984126984125
    ],
    "off": [
      3000,
      85.60090702947853
    ],
    "on": [
      5000,
      68.29931972789095
    ],
    "win": [
      7000,
      1526.4852607709756
    ]
  }
}